## ActiveRecord操作の練習

## ActiveRecord操作の1000本ノック

課題リポジトリ

https://github.com/DaichiSaito/active_record_practice

ER図

https://dev.mysql.com/doc/employee/en/sakila-structure.html

### (例題) first_nameがGeorgi, last_nameがFacelloの従業員を取得してください

```
irb(main):001:0> Employee.where(first_name: "Georgi", last_name: "Facello")
```
```
irb(main):001:0> Employee.where(first_name: "Georgi", last_name: "Facello")
  Employee Load (241.2ms)  SELECT `employees`.* FROM `employees` WHERE `employees`.`first_name` = 'Georgi' AND `employees`.`last_name` = 'Facello'
+--------+------------+------------+-----------+--------+------------+
| emp_no | birth_date | first_name | last_name | gender | hire_date  |
+--------+------------+------------+-----------+--------+------------+
| 10001  | 1953-09-02 | Georgi     | Facello   | M      | 1986-06-26 |
| 55649  | 1956-01-23 | Georgi     | Facello   | M      | 1988-05-04 |
+--------+-----
```

### 従業員番号が499999の従業員の給料全てを取得してください
```
irb(main):004:0> Employee.find_by(emp_no:499999).salaries
```

```
irb(main):004:0> Employee.find_by(emp_no:499999).salaries
  Employee Load (4.8ms)  SELECT `employees`.* FROM `employees` WHERE `employees`.`emp_no` = 499999 LIMIT 1
  Salary Load (2.5ms)  SELECT `salaries`.* FROM `salaries` WHERE `salaries`.`emp_no` = 499999
+--------+--------+------------+------------+
| emp_no | salary | from_date  | to_date    |
+--------+--------+------------+------------+
| 499999 | 63707  | 1997-11-30 | 1998-11-30 |
| 499999 | 67043  | 1998-11-30 | 1999-11-30 |
| 499999 | 70745  | 1999-11-30 | 2000-11-29 |
| 499999 | 74327  | 2000-11-29 | 2001-11-29 |
| 499999 | 77303  | 2001-11-29 | 9999-01-01 |
+--------+--------+------------+------------+
5 rows in set
irb(main):005:0> 
```


### 従業員番号が499999の従業員の2001-01-01時点の給料を取得してください
```
irb(main):023:0> Employee.find_by(emp_no:499999).salaries.where('to_date >= "2001-01-01" AND from_date <= "2001-01-01"')
```
```
irb(main):023:0> Employee.find_by(emp_no:499999).salaries.where('to_date >= "2001-01-01" AND from_date <= "2001-01-01"')
  Employee Load (0.8ms)  SELECT `employees`.* FROM `employees` WHERE `employees`.`emp_no` = 499999 LIMIT 1
  Salary Load (2.1ms)  SELECT `salaries`.* FROM `salaries` WHERE `salaries`.`emp_no` = 499999 AND (to_date >= "2001-01-01" AND from_date <= "2001-01-01")
+--------+--------+------------+------------+
| emp_no | salary | from_date  | to_date    |
+--------+--------+------------+------------+
| 499999 | 74327  | 2000-11-29 | 2001-11-29 |
+--------+--------+------------+------------+
1 row in set
irb(main):024:0> 
```

### 150000以上の給料をもらったことがある従業員の一覧を取得してください

```
Employee.joins(:salaries).where('salary >= 150000').group(:emp_no)
```
```

irb(main):099:0> Employee.joins(:salaries).where('salary >= 150000').group(:emp_no)
  Employee Load (2382.4ms)  SELECT `employees`.* FROM `employees` INNER JOIN `salaries` ON `salaries`.`emp_no` = `employees`.`emp_no` WHERE (salary >= 150000) GROUP BY `employees`.`emp_no`
  
  もしくは
  
irb(main):009:0> Employee.joins(:salaries).where('salary >= 150000').distinct
  Employee Load (1494.4ms)  SELECT DISTINCT `employees`.* FROM `employees` INNER JOIN `salaries` ON `salaries`.`emp_no` = `employees`.`emp_no` WHERE (salary > 150000)

+--------+------------+------------+-----------+--------+------------+
| emp_no | birth_date | first_name | last_name | gender | hire_date  |
+--------+------------+------------+-----------+--------+------------+
| 43624  | 1953-11-14 | Tokuyasu   | Pesch     | M      | 1985-03-26 |
| 46439  | 1953-01-31 | Ibibia     | Junet     | M      | 1985-05-20 |
| 47978  | 1956-03-24 | Xiahua     | Whitcomb  | M      | 1985-07-18 |
| 66793  | 1964-05-15 | Lansing    | Kambil    | M      | 1985-06-20 |
| 80823  | 1963-01-21 | Willard    | Baca      | M      | 1985-02-26 |
| 109334 | 1955-08-02 | Tsutomu    | Alameldin | M      | 1985-02-15 |
| 205000 | 1956-01-14 | Charmane   | Griswold  | M      | 1990-06-23 |
| 237542 | 1954-10-05 | Weicheng   | Hatcliff  | F      | 1985-04-12 |
| 238117 | 1959-06-21 | Mitsuyuki  | Stanfel   | M      | 1988-01-03 |
| 253939 | 1957-12-03 | Sanjai     | Luders    | M      | 1987-04-15 |
| 254466 | 1963-05-27 | Honesty    | Mukaidono | M      | 1986-08-08 |
| 266526 | 1957-02-14 | Weijing    | Chenoweth | F      | 1986-10-08 |
| 276633 | 1954-01-27 | Shin       | Birdsall  | M      | 1987-10-08 |
| 279776 | 1955-05-06 | Mohammed   | Moehrke   | M      | 1986-06-10 |
| 493158 | 1961-05-20 | Lidong     | Meriste   | M      | 1987-05-09 |
+--------+------------+------------+-----------+--------+------------+
15 rows in set
```


### 150000以上の給料をもらったことがある女性従業員の一覧を取得してください
```
irb(main):020:0> Employee.joins(:salaries).where('salary > 150000 AND gender = "F"' ).distinct 
```
```
irb(main):020:0> Employee.joins(:salaries).where('salary > 150000 AND gender = "F"' ).distinct 
  Employee Load (716.0ms)  SELECT DISTINCT `employees`.* FROM `employees` INNER JOIN `salaries` ON `salaries`.`emp_no` = `employees`.`emp_no` WHERE (salary > 150000 AND gender = "F")
+--------+------------+------------+-----------+--------+------------+
| emp_no | birth_date | first_name | last_name | gender | hire_date  |
+--------+------------+------------+-----------+--------+------------+
| 237542 | 1954-10-05 | Weicheng   | Hatcliff  | F      | 1985-04-12 |
| 266526 | 1957-02-14 | Weijing    | Chenoweth | F      | 1986-10-08 |
+--------+------------+------------+-----------+--------+------------+
2 rows in set
irb(main):021:0> 
```

### どんな肩書きがあるか一覧で取得してきてください

```
irb(main):023:0> Title.group(:title).select(:title)
```
```
irb(main):023:0> Title.group(:title).select(:title)
  Title Load (562.7ms)  SELECT `titles`.`title` FROM `titles` GROUP BY `titles`.`title`
+--------------------+
| title              |
+--------------------+
| Assistant Engineer |
| Engineer           |
| Manager            |
| Senior Engineer    |
| Senior Staff       |
| Staff              |
| Technique Leader   |
+--------------------+
7 rows in set
irb(main):024:0> 
```

### 2000-1-29以降に肩書きが「Technique Leader」になった従業員を取得してください
```
irb(main):015:0> Employee.joins(:titles).where("title = 'Technique Leader' AND from_date >= '2000-1-29'")
```
```
irb(main):015:0> Employee.joins(:titles).where("title = 'Technique Leader' AND from_date >= '2000-1-29'")
  Employee Load (192.1ms)  SELECT `employees`.* FROM `employees` INNER JOIN `titles` ON `titles`.`emp_no` = `employees`.`emp_no` WHERE (title = 'Technique Leader' AND from_date >= '2000-1-29')
+--------+------------+------------+-----------+--------+------------+
| emp_no | birth_date | first_name | last_name | gender | hire_date  |
+--------+------------+------------+-----------+--------+------------+
| 79962  | 1953-05-29 | Maik       | Heping    | M      | 1995-08-09 |
| 83076  | 1960-09-07 | Jacopo     | Thiria    | M      | 1999-07-20 |
| 88961  | 1954-03-07 | Uta        | Asser     | F      | 1998-12-02 |
| 203599 | 1965-01-21 | Ewing      | DiGiano   | M      | 1985-04-27 |
| 253428 | 1954-04-06 | Ortrun     | Benner    | F      | 1995-01-31 |
| 262244 | 1963-05-08 | Gal        | Ramaiah   | F      | 1989-08-01 |
| 414550 | 1960-02-01 | Sandeepan  | Krogh     | F      | 1992-01-04 |
+--------+------------+------------+-----------+--------+------------+
7 rows in set
irb(main):016:0> 

```

### 部署番号がd001である部署のマネージャー歴代一覧を取得してきてください
```
irb(main):032:0> Employee.joins(:dept_managers).where('dept_no = "d001"')
```
```
irb(main):032:0> Employee.joins(:dept_managers).where('dept_no = "d001"')
  Employee Load (7.7ms)  SELECT `employees`.* FROM `employees` INNER JOIN `dept_manager` ON `dept_manager`.`emp_no` = `employees`.`emp_no` WHERE (dept_no = "d001")
+--------+------------+------------+------------+--------+------------+
| emp_no | birth_date | first_name | last_name  | gender | hire_date  |
+--------+------------+------------+------------+--------+------------+
| 110022 | 1956-09-12 | Margareta  | Markovitch | M      | 1985-01-01 |
| 110039 | 1963-06-21 | Vishwani   | Minakawa   | M      | 1986-04-12 |
+--------+------------+------------+------------+--------+------------+
2 rows in set
irb(main):033:0> 
```


### 歴代マネージャーにおける男女比を出してください
```
irb(main):051:0> Employee.joins(:dept_managers).group(:gender).count
```
```
irb(main):051:0> Employee.joins(:dept_managers).group(:gender).count
   (4.7ms)  SELECT COUNT(*) AS count_all, `employees`.`gender` AS employees_gender FROM `employees` INNER JOIN `dept_manager` ON `dept_manager`.`emp_no` = `employees`.`emp_no` GROUP BY `employees`.`gender`
=> {"M"=>11, "F"=>13}

```

### 部署番号がd004の部署における1999-1-1時点のマネージャーを取得してください
```
irb(main):063:0> Employee.joins(:dept_managers).where("dept_no = 'd004' AND to_date >= '1999-1-1'")
```

```
irb(main):063:0> Employee.joins(:dept_managers).where("dept_no = 'd004' AND to_date >= '1999-1-1'")
  Employee Load (1.3ms)  SELECT `employees`.* FROM `employees` INNER JOIN `dept_manager` ON `dept_manager`.`emp_no` = `employees`.`emp_no` WHERE (dept_no = 'd004' AND to_date >= '1999-1-1')
+--------+------------+------------+-----------+--------+------------+
| emp_no | birth_date | first_name | last_name | gender | hire_date  |
+--------+------------+------------+-----------+--------+------------+
| 110420 | 1963-07-27 | Oscar      | Ghazalie  | M      | 1992-02-05 |
+--------+------------+------------+-----------+--------+------------+
1 row in set
irb(main):064:0> 
```

### 従業員番号が10001, 10002, 10003の従業員が今までに稼いだ給料の合計を従業員ごとに集計してください
```
irb(main):075:0> Salary.where(emp_no:(10001)..(10003)).group(:emp_no).sum(:salary)
```
```
irb(main):075:0> Salary.where(emp_no:(10001)..(10003)).group(:emp_no).sum(:salary)
   (8.2ms)  SELECT SUM(`salaries`.`salary`) AS sum_salary, `salaries`.`emp_no` AS salaries_emp_no FROM `salaries` WHERE `salaries`.`emp_no` BETWEEN 10001 AND 10003 GROUP BY `salaries`.`emp_no`
=> {10001=>1281612, 10002=>413127, 10003=>301212}
irb(main):076:0> 
```


### 上記に加えtotal_salaryという仮のフィールドを作ってemployeeの情報とがっちゃんこしてください。
```
irb(main):085:0> Employee.joins(:salaries).where(emp_no: [10001, 10002, 10003]).group(:emp_no).select("employees.*, sum(salary) as total_salary ")
```
```
irb(main):085:0> Employee.joins(:salaries).where(emp_no: [10001, 10002, 10003]).group(:emp_no).select("employees.*, sum(salary) as total_salary ")
  Employee Load (1.5ms)  SELECT employees.*, sum(salary) as total_salary  FROM `employees` INNER JOIN `salaries` ON `salaries`.`emp_no` = `employees`.`emp_no` WHERE `employees`.`emp_no` BETWEEN 10001 AND 10003 GROUP BY `employees`.`emp_no`
+--------+------------+------------+-----------+--------+------------+--------------+
| emp_no | birth_date | first_name | last_name | gender | hire_date  | total_salary |
+--------+------------+------------+-----------+--------+------------+--------------+
| 10001  | 1953-09-02 | Georgi     | Facello   | M      | 1986-06-26 | 1281612      |
| 10002  | 1964-06-02 | Bezalel    | Simmel    | F      | 1985-11-21 | 413127       |
| 10003  | 1959-12-03 | Parto      | Bamford   | M      | 1986-08-28 | 301212       |
+--------+------------+------------+-----------+--------+------------+--------------+
3 rows in set
```

### 上記の結果を利用してコンソール上に以下のようなフォーマットでputsしてください。
```
irb(main):092:0> employees = Employee.joins(:salaries).where(emp_no: [10001, 10002, 10003]).group(:emp_no).select("employees.*, sum(salary) as total_salary ")
```
```
irb(main):092:0> employees = Employee.joins(:salaries).where(emp_no: [10001, 10002, 10003]).group(:emp_no).select("employees.*, sum(salary) as total_salary ")
  Employee Load (0.7ms)  SELECT employees.*, sum(salary) as total_salary  FROM `employees` INNER JOIN `salaries` ON `salaries`.`emp_no` = `employees`.`emp_no` WHERE `employees`.`emp_no` BETWEEN 10001 AND 10003 GROUP BY `employees`.`emp_no`
+--------+------------+------------+-----------+--------+------------+--------------+
| emp_no | birth_date | first_name | last_name | gender | hire_date  | total_salary |
+--------+------------+------------+-----------+--------+------------+--------------+
| 10001  | 1953-09-02 | Georgi     | Facello   | M      | 1986-06-26 | 1281612      |
| 10002  | 1964-06-02 | Bezalel    | Simmel    | F      | 1985-11-21 | 413127       |
| 10003  | 1959-12-03 | Parto      | Bamford   | M      | 1986-08-28 | 301212       |
+--------+------------+------------+-----------+--------+------------+--------------+
3 rows in set

irb(main):094:0> employees.each {|n|
irb(main):095:1* puts "emp_no: #{n.emp_no}"
irb(main):096:1> puts "full_name: #{n.first_name} #{n.last_name}"
irb(main):097:1> puts "total_salary: #{n.total_salary}"
irb(main):098:1> }
emp_no: 10001
full_name: Georgi Facello
total_salary: 1281612
emp_no: 10002
full_name: Bezalel Simmel
total_salary: 413127
emp_no: 10003
full_name: Parto Bamford
total_salary: 301212
```

